,grant_id,pi,institution,amount,title,abstract,end_date
2006,0.0,0.0,0.0,0.0,0.0,100.0,0.0
2007,0.0,0.0,0.0,0.0,0.0,100.0,0.0
2008,0.0,0.0,0.0,0.0,0.0,100.0,0.0
2009,0.0,0.0,0.0,0.0,0.0,100.0,0.0
2010,0.0,0.0,0.0,0.0,0.0,9.72972972972973,0.0
2011,0.0,0.0,0.0,0.0,0.0,7.4074074074074066,0.0
2012,0.0,0.0,0.0,0.0,0.0,11.01021566401816,0.9080590238365494
2013,0.0,0.0,0.0,0.0,0.0,9.583736689254598,0.6776379477250726
2014,0.0,0.0,0.0,0.0,0.0,13.119266055045872,0.6422018348623854
2015,0.0,0.0,0.0,0.0,0.0,14.652711703139868,0.285442435775452
2016,0.0,0.0,0.0,0.0,0.0,13.821892393320963,0.27829313543599254
2017,0.0,0.0,0.0,0.0,0.0,13.209302325581396,0.46511627906976744
2018,0.0,0.0,0.0,0.0,0.0,11.945701357466064,0.6334841628959276
2019,0.0,0.0,0.0,0.0,0.0,10.407239819004525,0.8144796380090499
2020,0.0,0.0,0.0,0.0,0.0,8.942390369733449,0.6878761822871883
2021,0.0,0.0,0.0,0.0,0.0,10.243492863140219,0.7556675062972292
2022,0.0,0.0,0.0,0.0,0.0,10.118577075098814,0.7905138339920948
2023,0.0,0.0,0.0,0.0,0.0,10.297872340425531,0.851063829787234
2024,0.0,0.0,0.0,0.0,0.0,9.26672038678485,0.8058017727639
2025,0.0,0.0,0.0,0.0,0.0,0.7955449482895784,0.7955449482895784
2026,0.0,0.0,0.0,0.0,0.0,0.6729475100942126,0.6729475100942126
