award_year,Biology & Medicine,Business Studies,Engineering,"Humanities, Social Sciences",Physical Sciences
2006,183,0,327,164,157
2007,148,0,310,125,160
2008,165,0,358,163,164
2009,164,0,234,196,156
2010,169,0,202,237,132
2011,176,111,217,136,143
2012,168,119,273,176,145
2013,213,149,293,215,163
2014,207,154,306,239,184
2015,182,119,306,266,178
2016,187,130,326,227,208
2017,184,143,311,226,211
2018,189,139,289,259,229
2019,176,142,313,233,241
2020,203,148,305,255,252
2021,189,150,307,281,264
2022,222,188,307,282,266
2023,164,215,278,277,241
2024,195,178,329,292,247
2025,206,165,352,304,230
2026,217,227,394,359,289
