award_year,mean,median
2006,584096.3188929001,510400.0
2007,625496.9488559893,528000.0
2008,579601.2788235294,496492.0
2009,672519.8266666667,611280.0
2010,719195.2054054054,666239.0
2011,701006.7075351214,681195.0
2012,689161.4926220204,692000.0
2013,611487.5605033882,641708.0
2014,609465.4403669725,614810.0
2015,625014.8230256898,631972.0
2016,607949.0556586271,549657.5
2017,606008.8018604651,558713.0
2018,592014.6352941176,581565.0
2019,637617.0090497738,558272.0
2020,723299.871883061,666512.0
2021,722817.1813602016,671303.0
2022,833513.9209486166,862000.0
2023,872374.7412765957,877079.0
2024,889276.8871877518,910739.0
2025,870893.7955449483,890587.0
2026,787864.2240915209,810511.5
